{"empathy_aurocs": [0.5, 0.9777777777777779, 1.0, 1.0, 1.0, 1.0, 1.0, 1.0, 1.0, 1.0, 1.0, 1.0, 1.0, 1.0, 1.0, 1.0, 1.0, 1.0, 1.0, 1.0, 1.0, 1.0, 1.0, 1.0, 1.0, 0.9777777777777779, 0.9777777777777779, 0.9777777777777779, 0.9777777777777779, 0.9777777777777779, 0.9777777777777779, 0.9777777777777779, 0.9777777777777779], "formality_aurocs": [0.5, 1.0, 1.0, 1.0, 1.0, 1.0, 1.0, 1.0, 1.0, 1.0, 1.0, 1.0, 1.0, 1.0, 1.0, 1.0, 1.0, 1.0, 1.0, 1.0, 1.0, 1.0, 1.0, 1.0, 1.0, 1.0, 1.0, 1.0, 1.0, 1.0, 1.0, 1.0, 1.0], "random_aurocs": [0.5, 0.5777777777777777, 0.3555555555555556, 0.37777777777777777, 0.33333333333333337, 0.3777777777777778, 0.4222222222222222, 0.35555555555555557, 0.33333333333333337, 0.3777777777777778, 0.3777777777777778, 0.35555555555555557, 0.4, 0.33333333333333337, 0.28888888888888886, 0.33333333333333337, 0.35555555555555557, 0.48888888888888893, 0.5111111111111112, 0.5111111111111112, 0.5555555555555556, 0.5333333333333334, 0.5777777777777778, 0.5777777777777778, 0.5777777777777778, 0.6222222222222222, 0.6, 0.6666666666666667, 0.6222222222222222, 0.6, 0.5333333333333334, 0.5555555555555556, 0.3777777777777778], "summary": {"empathy_emergence": 1, "empathy_peak": 2, "empathy_peak_auroc": 1.0, "formality_emergence": 1, "formality_peak": 1, "formality_peak_auroc": 1.0, "empathy_early_mean": 0.9347222222222222, "empathy_late_mean": 0.980246913580247, "formality_early_mean": 0.9375, "formality_late_mean": 1.0}}