{
  "model": "mistral-7b",
  "layer": 16,
  "empathy_cosines": {
    "cognitive_affective": -0.7342288187595948,
    "cognitive_instrumental": -0.3450735785901058,
    "affective_instrumental": -0.3736118573514243
  },
  "empathy_mean": -0.4843047515670416,
  "length_cosines": {
    "short_medium": -0.5291620880657487,
    "short_long": -0.434328045137345,
    "medium_long": -0.5025634504130085
  },
  "length_mean": -0.48868452787203404,
  "null_distribution": {
    "mean": -0.49670975751425034,
    "std": 0.0006898275520816007,
    "values": [
      -0.4972504260785948,
      -0.4957205169217982,
      -0.49665700167394516,
      -0.49760627372338356,
      -0.4966992232926513,
      -0.4969912979829097,
      -0.49575266241372584,
      -0.49645477998143206,
      -0.49638435269802095,
      -0.49674982873582546,
      -0.49739149665906973,
      -0.4961060584075884,
      -0.49714859806788886,
      -0.49486143348060807,
      -0.49676644384477875,
      -0.49712550671415356,
      -0.49732032693624095,
      -0.49715386423452906,
      -0.49640916077314695,
      -0.49490543438700385,
      -0.4976913493026374,
      -0.49757207395132214,
      -0.496311794592694,
      -0.496747032050777,
      -0.49666497736298704,
      -0.4967516536517194,
      -0.4958697078766357,
      -0.4961134964631331,
      -0.49718420273484254,
      -0.49579140803025706,
      -0.4974810694002881,
      -0.4973087995137762,
      -0.4959828944952765,
      -0.4971533155290631,
      -0.4969541835688136,
      -0.49616259828890086,
      -0.4968311056930232,
      -0.49646390030040477,
      -0.49791359579693123,
      -0.49747608327998094,
      -0.4963522101925282,
      -0.4979675244249148,
      -0.496387545516156,
      -0.4976184267876029,
      -0.4969102670583337,
      -0.4970096208403471,
      -0.4968920287978346,
      -0.4964437771356298,
      -0.4959035338841365,
      -0.49612301218427374
    ]
  },
  "statistics": {
    "z_empathy": 17.98276382231442,
    "z_length": 11.633675138082898
  },
  "conclusion": "NEITHER SEPARATES: Methodology may be flawed",
  "interpretation": "Probes can't even find trivial features"
}