{
  "empathy": {
    "d_prime": 12.105585350368537,
    "probe_agree": 0.962170518967285,
    "purity": 0.9666666666666667,
    "auroc": 1.0
  },
  "length": {
    "d_prime": 1.7735897248869505,
    "probe_agree": 0.7928992294064774,
    "purity": 0.5111111111111111,
    "auroc": 0.7944444444444445
  },
  "random": {
    "d_prime": 1.0019178773928445,
    "probe_agree": 0.6963950823950156,
    "purity": 0.4222222222222222,
    "auroc": 0.4333333333333333
  },
  "confound": {
    "chi2": 26.86896551724138,
    "p_value": 2.1129026938174277e-05,
    "contingency": [
      [
        2.0,
        9.0,
        19.0
      ],
      [
        18.0,
        10.0,
        2.0
      ],
      [
        10.0,
        10.0,
        10.0
      ]
    ]
  },
  "conclusion": "METRICS VALIDATED: Empathy > Length > Random (proper ordering)"
}