{
  "model": "mistral-7b",
  "layer": 16,
  "empathy_cosines": {
    "cognitive_affective": -0.7342288187595948,
    "cognitive_instrumental": -0.3450735785901058,
    "affective_instrumental": -0.3736118573514243
  },
  "empathy_mean": -0.4843047515670416,
  "control_cosines": {
    "response_1_response_2": -0.5113667648408412,
    "response_1_response_3": -0.38082199607183714,
    "response_2_response_3": -0.5771641566451436
  },
  "control_mean": -0.4897843058526073,
  "null_distribution": {
    "mean": -0.4967229794953781,
    "std": 0.000961039600825192,
    "min": -0.49827454265049687,
    "max": -0.49338985593850176,
    "values": [
      -0.496419468260261,
      -0.49685491857802005,
      -0.4967414974530168,
      -0.49623359194215394,
      -0.49750732105813295,
      -0.4968318982644165,
      -0.49452250395621006,
      -0.49612042775058884,
      -0.497950215882923,
      -0.4976538915004715,
      -0.49781926296924817,
      -0.4955324892077049,
      -0.4962645859645449,
      -0.49734922353469374,
      -0.4968380074012185,
      -0.4974191376865477,
      -0.49606294396657374,
      -0.496937797532752,
      -0.4936836500868423,
      -0.4973192079860122,
      -0.49697686122727386,
      -0.4970788611085149,
      -0.4958182609825587,
      -0.4961499905003359,
      -0.4970775988136291,
      -0.4965146676339101,
      -0.49706937442631455,
      -0.4972948096879571,
      -0.49662638016942245,
      -0.4975287330034089,
      -0.49744540259897185,
      -0.4975053341195476,
      -0.49660904823061375,
      -0.496317458812892,
      -0.4968696128748056,
      -0.4965330380120369,
      -0.497917750356617,
      -0.49743379411408295,
      -0.495357182706688,
      -0.49546363908958707,
      -0.49753589265594006,
      -0.4965668018168823,
      -0.49757353553925326,
      -0.49753890848450605,
      -0.49797145545999905,
      -0.4967775388188301,
      -0.49686785217794843,
      -0.4948892997560987,
      -0.49576215843039795,
      -0.4944221201317683,
      -0.49599733171514876,
      -0.4967146175418648,
      -0.4981448253901113,
      -0.49699701280816555,
      -0.4970007539598085,
      -0.4973276284989429,
      -0.49690456357488194,
      -0.49764693122036324,
      -0.4972210198037544,
      -0.4962603815834407,
      -0.49654202299071865,
      -0.498089865940673,
      -0.496011191442844,
      -0.49649498212456816,
      -0.4978873450985999,
      -0.49634466861934246,
      -0.495833694263951,
      -0.4977341787467813,
      -0.4964015770870511,
      -0.4975863070774356,
      -0.4974619834392254,
      -0.4978001082192745,
      -0.4957212111879576,
      -0.4964484093562412,
      -0.4970057048865157,
      -0.4977749918044229,
      -0.4961647953981016,
      -0.49753052269335063,
      -0.4936621820827682,
      -0.49736211714160244,
      -0.49724827818352635,
      -0.49827454265049687,
      -0.4969080736857854,
      -0.4977652749255439,
      -0.49655916583279386,
      -0.49569560244607347,
      -0.496965830423957,
      -0.4975854218368532,
      -0.4959523211384244,
      -0.4967067253500031,
      -0.4965892380063637,
      -0.4969382487092056,
      -0.4976027178370277,
      -0.49522561407462473,
      -0.4961402511687025,
      -0.4968932517367941,
      -0.49338985593850176,
      -0.49701824806442585,
      -0.49719897081460834,
      -0.49601198829305354
    ]
  },
  "statistics": {
    "z_empathy": 12.92166099885334,
    "z_control": 7.219966416381728,
    "empathy_percentile": 0.0,
    "control_percentile": 0.0,
    "empathy_control_diff": 0.00547955428556568
  },
  "conclusion": "EMPATHY IS SIGNIFICANTLY LESS SEPARATED than random"
}