{
  "model": "pythia-1.4b",
  "layer": 12,
  "empathy_cosines": {
    "cognitive_affective": -0.7122996972867512,
    "cognitive_instrumental": -0.4048072233726011,
    "affective_instrumental": -0.3218531440215289
  },
  "empathy_mean": -0.4796533548936271,
  "control_cosines": {
    "response_1_response_2": -0.4534098160714877,
    "response_1_response_3": -0.49487063749147225,
    "response_2_response_3": -0.5109414677266215
  },
  "control_mean": -0.48640730709652713,
  "null_distribution": {
    "mean": -0.4939666152036219,
    "std": 0.0010301939690278733,
    "min": -0.49591486329691925,
    "max": -0.491064325468924,
    "values": [
      -0.49591486329691925,
      -0.4948490962246858,
      -0.49390047601689063,
      -0.4934356838309594,
      -0.49508923398306187,
      -0.4940939006756823,
      -0.4937865549909661,
      -0.4940827949912514,
      -0.4938630410659028,
      -0.491064325468924,
      -0.4938328713355334,
      -0.4956857076938763,
      -0.49368822814096286,
      -0.4937247360506338,
      -0.4933684463085068,
      -0.4930076874345967,
      -0.49489090114710654,
      -0.4937720814901745,
      -0.4943884827846299,
      -0.49289319114117536
    ]
  },
  "statistics": {
    "z_empathy": 13.893752769200628,
    "z_control": 7.337752243131446,
    "empathy_percentile": 0.0,
    "control_percentile": 0.0,
    "empathy_control_diff": 0.006753952202900038
  },
  "conclusion": "EMPATHY IS SIGNIFICANTLY LESS SEPARATED than random"
}