{
  "summary": {
    "n_models": 1,
    "k_match_rate": 0.0,
    "mean_cluster_purity": 0.25,
    "mean_silhouette_score": 0.22449147701263428,
    "convergence_conclusion": "WEAK_CONVERGENCE"
  },
  "per_model": {
    "llama-3-8b": {
      "optimal_k": 2,
      "silhouette_score": 0.22449147701263428,
      "theoretical_k": 3,
      "k_match": false,
      "cluster_composition": {
        "cluster_purity": {
          "0": {
            "dominant_type": "cognitive",
            "purity": 0.16666666666666666,
            "distribution": {
              "cognitive": 0.16666666666666666,
              "affective": 0.16666666666666666,
              "instrumental": 0.16666666666666666,
              "factual": 0.16666666666666666,
              "informational": 0.16666666666666666,
              "procedural": 0.16666666666666666
            }
          },
          "1": {
            "dominant_type": "response_1",
            "purity": 0.3333333333333333,
            "distribution": {
              "response_1": 0.3333333333333333,
              "response_2": 0.3333333333333333,
              "response_3": 0.3333333333333333
            }
          }
        },
        "mean_purity": 0.25,
        "high_purity_threshold": 0.7,
        "high_purity_clusters": 0
      },
      "probe_separation": {
        "cosine_cognitive_affective": -0.30082133412361145,
        "cosine_cognitive_instrumental": -0.3367348611354828,
        "cosine_affective_instrumental": -0.4034278988838196
      }
    }
  }
}