{
  "model": "llama-3.1-8b",
  "model_path": "meta-llama/Meta-Llama-3.1-8B-Instruct",
  "timestamp": "2026-01-18T12:42:15.182869",
  "measurements": {
    "probe": {
      "auroc": 0.8744227272893148,
      "n_train": 80,
      "n_test": 20,
      "time_seconds": 145.77357643983876
    },
    "pca": {
      "effective_rank": 14,
      "explained_variance_90": 0.8930654501099812,
      "total_components": 4096,
      "time_seconds": 45.7781134278221
    },
    "steering": {
      "max_alpha": 9.068702379234356,
      "coherence_threshold": 0.7,
      "n_alphas_tested": 21,
      "time_seconds": 192.55573244391547
    },
    "control": {
      "control_dimensionality": 8,
      "control_steering_range": 6.000071935418493,
      "control_bandwidth": 48.000575483347944,
      "time_seconds": 85.55885911172592
    },
    "sae": {
      "sae_active_features": 16,
      "pca_rank": 14,
      "agreement": true,
      "time_seconds": 143.84614768727656
    },
    "transfer": {
      "transfer_success_rate": 0.908549971578143,
      "source_context": "crisis_support",
      "target_context": "technical_assistance",
      "time_seconds": 118.6259158236295
    }
  },
  "bandwidth_metric": {
    "dimensionality": 14,
    "steering_range": 9.068702379234356,
    "bandwidth": 126.96183330928099
  },
  "total_time_seconds": 657.7354375191867
}