{
  "model": "mistral-7b",
  "model_path": "mistralai/Mistral-7B-Instruct-v0.3",
  "timestamp": "2026-01-18T12:42:15.183610",
  "measurements": {
    "probe": {
      "auroc": 0.829139419548993,
      "n_train": 80,
      "n_test": 20,
      "time_seconds": 136.47863062967406
    },
    "pca": {
      "effective_rank": 6,
      "explained_variance_90": 0.8926853802171552,
      "total_components": 4096,
      "time_seconds": 41.46206333220736
    },
    "steering": {
      "max_alpha": 6.043783724015329,
      "coherence_threshold": 0.7,
      "n_alphas_tested": 21,
      "time_seconds": 154.23525680478593
    },
    "control": {
      "control_dimensionality": 3,
      "control_steering_range": 4.868868275332683,
      "control_bandwidth": 14.606604825998048,
      "time_seconds": 80.3069953666703
    },
    "sae": {
      "sae_active_features": 6,
      "pca_rank": 6,
      "agreement": true,
      "time_seconds": 138.20319081035726
    },
    "transfer": {
      "transfer_success_rate": 0.8520342892564569,
      "source_context": "crisis_support",
      "target_context": "technical_assistance",
      "time_seconds": 132.56922617639304
    }
  },
  "bandwidth_metric": {
    "dimensionality": 6,
    "steering_range": 6.043783724015329,
    "bandwidth": 36.26270234409198
  },
  "total_time_seconds": 721.7864734364705
}